"","Season","team_name","Bats","xMLBAMID","PlayerNameRoute","PlayerName","playerid","Age","AgeRng","SeasonMin","SeasonMax","G","AB","PA","H","1B","2B","3B","HR","R","RBI","BB","IBB","SO","HBP","SF","SH","GDP","SB","CS","AVG","GB","FB","LD","IFFB","Pitches","Balls","Strikes","IFH","BU","BUH","BB_pct","K_pct","BB_K","OBP","SLG","OPS","ISO","BABIP","GB_FB","LD_pct","GB_pct","FB_pct","IFFB_pct","HR_FB","IFH_pct","BUH_pct","TTO_pct","wOBA","wRAA","wRC","Batting","Fielding","Replacement","Positional","wLeague","Defense","Offense","RAR","WAR","WAROld","Dollars","BaseRunning","Spd","wRC_plus","wBsR","WPA","WPA_minus","WPA_plus","RE24","REW","pLI","PH","WPA_LI","Clutch","FB_pct1","FBv","SL_pct","SLv","CT_pct","CTv","CB_pct","CBv","CH_pct","CHv","SF_pct","SFv","XX_pct","wFB","wSL","wCT","wCB","wCH","wSF","wFB_C","wSL_C","wCT_C","wCB_C","wCH_C","wSF_C","O-Swing_pct","Z-Swing_pct","Swing_pct","O-Contact_pct","Z-Contact_pct","Contact_pct","Zone_pct","F-Strike_pct","SwStr_pct","CStr_pct","C+SwStr_pct","Pull","Cent","Oppo","Soft","Med","Hard","bipCount","Pull_pct","Cent_pct","Oppo_pct","Soft_pct","Med_pct","Hard_pct","UBR","GDPRuns","AVG+","BB_pct+","K_pct+","OBP+","SLG+","ISO+","BABIP+","LD_pct+","GB_pct+","FB_pct+","HRFB_pct+","Pull_pct+","Cent_pct+","Oppo_pct+","Soft_pct+","Med_pct+","Hard_pct+","xwOBA","xAVG","xSLG","XBR","PPTV","CPTV","BPTV","DSV","DGV","BTV","rPPTV","rBPTV","EBV","ESV","rFTeamV","rBTeamV","rTV","pfx_FA_pct","pfx_FC_pct","pfx_FS_pct","pfx_FO_pct","pfx_SI_pct","pfx_SL_pct","pfx_CU_pct","pfx_KC_pct","pfx_EP_pct","pfx_CH_pct","pfx_SC_pct","pfx_vFA","pfx_vFC","pfx_vFS","pfx_vFO","pfx_vSI","pfx_vSL","pfx_vCU","pfx_vKC","pfx_vEP","pfx_vCH","pfx_vSC","pfx_FA-X","pfx_FC-X","pfx_FS-X","pfx_FO-X","pfx_SI-X","pfx_SL-X","pfx_CU-X","pfx_KC-X","pfx_EP-X","pfx_CH-X","pfx_SC-X","pfx_FA-Z","pfx_FC-Z","pfx_FS-Z","pfx_FO-Z","pfx_SI-Z","pfx_SL-Z","pfx_CU-Z","pfx_KC-Z","pfx_EP-Z","pfx_CH-Z","pfx_SC-Z","pfx_wFA","pfx_wFC","pfx_wFS","pfx_wFO","pfx_wSI","pfx_wSL","pfx_wCU","pfx_wKC","pfx_wEP","pfx_wCH","pfx_wSC","pfx_wFA_C","pfx_wFC_C","pfx_wFS_C","pfx_wFO_C","pfx_wSI_C","pfx_wSL_C","pfx_wCU_C","pfx_wKC_C","pfx_wEP_C","pfx_wCH_C","pfx_wSC_C","pfx_O-Swing_pct","pfx_Z-Swing_pct","pfx_Swing_pct","pfx_O-Contact_pct","pfx_Z-Contact_pct","pfx_Contact_pct","pfx_Zone_pct","pfx_Pace","pi_CH_pct","pi_CU_pct","pi_FA_pct","pi_FC_pct","pi_FS_pct","pi_SB_pct","pi_SI_pct","pi_SL_pct","pi_vCH","pi_vCU","pi_vFA","pi_vFC","pi_vFS","pi_vSB","pi_vSI","pi_vSL","pi_CH-X","pi_CU-X","pi_FA-X","pi_FC-X","pi_FS-X","pi_SB-X","pi_SI-X","pi_SL-X","pi_CH-Z","pi_CU-Z","pi_FA-Z","pi_FC-Z","pi_FS-Z","pi_SB-Z","pi_SI-Z","pi_SL-Z","pi_wCH","pi_wCU","pi_wFA","pi_wFC","pi_wFS","pi_wSB","pi_wSI","pi_wSL","pi_wCH_C","pi_wCU_C","pi_wFA_C","pi_wFC_C","pi_wFS_C","pi_wSB_C","pi_wSI_C","pi_wSL_C","pi_O-Swing_pct","pi_Z-Swing_pct","pi_Swing_pct","pi_O-Contact_pct","pi_Z-Contact_pct","pi_Contact_pct","pi_Zone_pct","pi_Pace","Events","EV","LA","Barrels","Barrel_pct","maxEV","HardHit","HardHit_pct","Q","TG","TPA","position","team_name_abb","teamid","Pos","pi_XX_pct","pi_vXX","pi_XX-X","pi_XX-Z","pi_wXX","pi_wXX_C","phLI","rBTV","pi_CS_pct","pi_vCS","pi_CS-X","pi_CS-Z","pi_wCS","pi_wCS_C","KN_pct","KNv","wKN","wKN_C","pfx_KN_pct","pfx_vKN","pfx_KN-X","pfx_KN-Z","pfx_wKN","pfx_wKN_C","pi_KN_pct","pi_vKN","pi_KN-X","pi_KN-Z","pi_wKN","pi_wKN_C","rCPTV","CFraming","rDGV","rDSV"
"1",2023,"SEA","R",677594,"Julio Rodriguez","Julio Rodríguez",23697,22,"22 - 22",2023,2023,155,654,714,180,109,37,2,32,102,103,47,6,175,11,2,0,14,37,10,0.2752,229,163,89,10,2519,842,1677,29,0,0,0.0658,0.2451,0.2686,0.3333,0.4847,0.818,0.2095,0.3296,1.4049,0.185,0.4761,0.3389,0.0613,0.1963,0.1266,0,0.3557,0.3475,17.2477,104.2445,23.9321,2.3553,22.1686,1.9776,2.2174,4.3329,29.148,57.8669,5.7703,6.0151,46.1627,5.2158,5.9951,127.9737,1.9387,2.3592,-13.5674,15.9266,35.1969,3.6032,1.0969,0,3.1075,-0.9566,0.4755,94.0226,0.2557,84.6044,0.0601,89.106,0.0781,80.7194,0.092,85.7446,0.0386,86.4433,0.0127,7.4903,2.7903,2.2283,2.8822,3.3749,-0.0435,0.6273,0.4346,1.4757,1.4705,1.461,-0.0448,0.4097,0.7297,0.5384,0.5886,0.8507,0.7315,0.4022,0.6303,0.1441,0.1278,0.2719,202,165,114,68,227,186,481,0.42,0.343,0.237,0.1414,0.4719,0.3867,4.5,0.6,111.5374,78.6219,105.9294,105.1526,117.6968,126.9044,111.3195,92.8699,113.0399,89.2741,156.2498,101.9588,99.3981,97.5346,91.3159,90.679,119.0783,0.345,0.274,0.475,3.2771,6,0,2,0,0,0,0.5136,-0.0831,6,2,0.5136,-0.0831,0.4305,0.2939,0.0705,0.039,0.0016,0.176,0.2529,0.0637,0.0131,NA,0.0892,NA,94.094,89.452,86.8245,83.45,93.7317,84.3479,80.335,83.2,NA,85.7509,NA,-1.4884,0.7703,-6.7948,-3.4915,-6.3567,2.5655,0.7946,2.2008,NA,-0.5712,NA,9.3123,4.6462,1.9683,0.1297,5.0751,0.9605,-5.1243,-4.8131,NA,3.8348,NA,9.1563,-0.112,2.5504,-0.2253,-3.4592,6.3948,1.4162,-0.9058,NA,0.4592,NA,1.2407,-0.0633,2.6025,-5.6335,-0.7826,1.007,0.8851,-2.7448,NA,0.205,NA,0.3731,0.7115,0.5384,0.5324,0.8385,0.73,0.4886,19.3837,0.0896,0.0701,0.2951,0.0713,0.039,NA,0.1748,0.2577,85.7807,80.472,94.1551,89.4498,86.2352,NA,93.8989,84.5609,-0.5154,0.7106,-1.3929,0.9243,-6.1666,NA,-6.1236,3.1926,2.5254,-6.9478,8.3655,3.4976,0.6869,NA,3.9178,-0.3324,0.8715,3.3003,9.005,-1.6005,2.3556,NA,-2.9114,4.4061,0.3873,1.8752,1.2153,-0.8941,2.4037,NA,-0.6632,0.681,0.3737,0.7083,0.5385,0.5368,0.8352,0.7302,0.4926,19.3837,481,92.6675,8.5054,57,0.1185,116.662,250,0.5198,4.4074,162,714,"OF","SEA",11,0,0.0024,88.1043,0,0,-0.1233,-2.055,NA,NA,NA,NA,NA,NA,NA,NA,NA,NA,NA,NA,NA,NA,NA,NA,NA,NA,NA,NA,NA,NA,NA,NA,NA,NA,NA,NA
"2",2023,"SEA","L",641487,"J.P. Crawford","J.P. Crawford",15491,28,"28 - 28",2023,2023,145,534,638,142,88,35,0,19,94,65,94,1,125,5,2,3,7,2,0,0.2659,160,154,95,17,2633,1099,1534,8,5,0,0.1473,0.1959,0.752,0.3795,0.4382,0.8177,0.1723,0.3138,1.039,0.2323,0.3912,0.3765,0.1104,0.1234,0.05,0,0.373,0.359,21.5389,99.2755,27.5118,-6.7518,19.8089,6.4815,1.9814,-0.2703,27.3915,48.9116,4.8773,5.052,39.0187,-0.1203,2.6575,135.9887,-1.0332,2.7876,-10.2967,13.0842,23.6524,2.4577,1.0378,1,1.7782,0.9077,0.5146,93.779,0.2092,83.9964,0.078,88.6829,0.0666,79.6207,0.1061,86.3154,0.0255,86.2985,0.003,19.4357,-5.6721,-2.2733,4.3684,4.6112,3.1252,1.4365,-1.0313,-1.1089,2.4962,1.6528,4.6645,0.2193,0.6041,0.3846,0.6991,0.9032,0.8368,0.4294,0.5282,0.0627,0.1975,0.2602,178,145,91,77,208,129,414,0.43,0.3502,0.2198,0.186,0.5024,0.3116,1.9,0.7,107.7638,175.9751,84.6771,119.725,106.4039,104.3711,105.968,116.5817,92.8834,99.1928,98.1951,104.385,101.4862,90.4565,120.1359,96.536,95.952,0.34,0.26,0.384,0.9129,4,0,0,0,0,0,0.1188,NA,4,0,0.1188,0,0.1188,0.3823,0.0818,0.0281,0.0019,0.127,0.202,0.062,0.0118,NA,0.1027,4e-04,94.0091,88.9163,87.227,82.12,92.8931,84.0881,79.0853,81.9645,NA,86.2352,79.4,-1.8227,0.5974,-6.3888,-3.6221,-1.096,0.275,1.5456,3.7678,NA,-7.1664,-6.0065,9.2143,4.7086,1.7007,1.7057,5.0785,1.01,-4.9938,-6.087,NA,3.5175,1.1581,16.2773,-0.315,2.693,-0.1239,0.91,-8.0126,3.3753,1.4865,NA,5.8927,0.0269,1.6196,-0.1465,3.6392,-2.4775,0.2724,-1.509,2.0708,4.7951,NA,2.1825,2.6946,0.1852,0.5745,0.3849,0.6371,0.8942,0.834,0.5131,17.7231,0.0997,0.0666,0.3744,0.0864,0.0301,4e-04,0.1313,0.2112,86.3005,79.7193,94.0974,89.403,85.9386,79.6079,93.02,84.0707,-7.0642,3.0415,-1.7661,0.7016,-5.4713,-6.1415,-0.8732,0.0955,2.2687,-7.1153,8.3546,3.8238,0.2403,0.1192,3.8331,-0.1742,5.875,4.9427,15.9879,-1.4798,1.7157,0.0269,2.3731,-7.2511,2.2424,2.8244,1.6248,-0.6519,2.1718,2.6946,0.6879,-1.3065,0.1877,0.5729,0.3847,0.6432,0.8948,0.8348,0.5114,17.7231,414,88.2546,15.0829,20,0.0483,110.079,150,0.3623,3.9383,162,638,"SS","SEA",11,0,NA,NA,NA,NA,NA,NA,8.202,NA,NA,NA,NA,NA,NA,NA,NA,NA,NA,NA,NA,NA,NA,NA,NA,NA,NA,NA,NA,NA,NA,NA,NA,NA,NA,NA
"3",2023,"SEA","B",663728,"Cal Raleigh","Cal Raleigh",21534,26,"26 - 26",2023,2023,145,513,569,119,65,23,1,30,78,75,54,1,158,1,1,0,6,0,0,0.232,112,173,71,20,2344,873,1471,10,0,0,0.0949,0.2777,0.3418,0.3058,0.4561,0.7619,0.2242,0.273,0.6474,0.1994,0.3146,0.486,0.1156,0.1734,0.0893,0,0.4253,0.3262,3.6899,73.0193,9.0168,9.663,17.6666,7.3868,1.7671,17.0498,6.7851,43.2685,4.3146,4.8061,34.517,-2.2318,2.1158,113.2254,-0.9169,-0.1304,-10.724,10.5935,6.331,0.629,1.0178,17,1.1394,-1.2676,0.444,94.1936,0.1647,84.6857,0.0761,89.1685,0.0988,80.4589,0.1762,86.2379,0.0402,85.7553,0.003,4.776,3.9328,-3.0285,-1.8946,2.457,-1.8862,0.4601,1.0215,-1.7014,-0.8202,0.5964,-2.0066,0.345,0.7247,0.4972,0.5963,0.8056,0.7186,0.4009,0.5764,0.1395,0.1318,0.2713,182,103,71,73,158,125,356,0.5112,0.2893,0.1994,0.2051,0.4438,0.3511,-1.8,1.9,94.0059,113.3511,120.0111,96.4669,110.7596,135.8045,92.1994,100.101,74.6981,128.0204,138.0169,124.1195,83.8352,82.0743,132.451,85.2773,108.1247,0.33,0.233,0.466,-1.3149,6,0,0,0,0,0,0.6671,NA,6,0,0.6671,0,0.6671,0.361,0.085,0.0376,0.0017,0.0739,0.17,0.0769,0.0171,9e-04,0.1751,9e-04,94.3943,89.4332,86.008,84.15,93.6416,84.6626,79.5567,82.7375,42.45,86.1637,80.35,-3.1075,0.7829,-6.0571,-3.3547,-6.142,1.9831,2.5326,4.3715,-0.7625,-5.4186,-4.9314,9.1389,4.5285,2.6312,-0.6927,4.4864,0.8663,-5.092,-5.3749,7.0237,3.6143,-0.3355,-4.6401,0.4867,-0.3575,-0.2858,7.8656,0.7857,-0.3729,-1.2389,-0.2612,1.1487,0.0364,-0.5491,0.2446,-0.4063,-7.1438,4.5466,0.1974,-0.2072,-3.0973,-13.059,0.2802,1.8193,0.3053,0.6989,0.4968,0.5204,0.809,0.718,0.4865,20.0584,0.1731,0.0893,0.3585,0.0897,0.0406,9e-04,0.0701,0.1765,86.0059,80.1946,94.4852,89.8311,85.8118,80.5938,93.7801,84.681,-5.195,3.523,-2.8594,0.9832,-5.4398,-4.5802,-6.1228,2.1341,2.4037,-6.8235,8.2681,3.7415,1.1011,-1.6124,3.011,-0.4087,0.9795,0.3382,-3.6635,-1.6304,-1.4521,0.0364,8.2042,0.1997,0.2418,0.1618,-0.4367,-0.7764,-1.5286,1.8193,5.0026,0.0484,0.3025,0.7063,0.4972,0.5164,0.8103,0.7177,0.4822,20.0584,356,89.5342,20.3351,45,0.1264,113.672,145,0.4073,3.5123,162,569,"C","SEA",11,0,0.0013,101.8613,0,0,0.0314,1.0473,1.8238,NA,NA,NA,NA,NA,NA,NA,NA,NA,NA,NA,NA,NA,NA,NA,NA,NA,NA,NA,NA,NA,NA,NA,NA,8.36,NA,NA
"4",2023,"SEA","R",553993,"Eugenio Suarez","Eugenio Suárez",12552,31,"31 - 31",2023,2023,162,598,694,139,88,29,0,22,68,96,70,0,214,15,11,0,10,2,1,0.2324,134,171,90,10,2907,1131,1776,9,0,0,0.1009,0.3084,0.3271,0.3228,0.3913,0.7141,0.1589,0.3137,0.7836,0.2278,0.3392,0.4329,0.0585,0.1287,0.0672,0,0.4409,0.3133,-2.9286,81.6312,3.5685,7.9918,21.5476,2.0788,2.1553,10.0705,1.1143,34.8877,3.4789,3.3134,27.8313,-2.4542,1.8693,104.2914,-1.3551,-0.3936,-13.1828,12.7891,2.841,0.3703,1.0684,0,-0.4817,0.1133,0.5109,93.7047,0.2532,84.3823,0.0596,88.5838,0.0741,79.5628,0.0796,85.2597,0.0227,85.6212,0.0014,4.7914,-6.0119,-2.9428,1.0169,-2.1126,1.3524,0.3231,-0.8179,-1.7011,0.473,-0.9145,2.0491,0.2642,0.6853,0.4454,0.508,0.8037,0.7038,0.4302,0.6023,0.1318,0.1658,0.2976,185,131,79,51,199,145,395,0.4684,0.3316,0.2,0.1291,0.5038,0.3671,-2.5,0.7,94.1975,120.4711,133.2696,101.8193,95.0162,96.2401,105.9334,114.3604,80.547,114.0465,102.3962,113.7085,96.0978,82.3055,83.398,96.8015,113.0409,0.324,0.223,0.419,-1.0992,3,0,1,0,0,0,0.3317,-0.0416,3,1,0.3317,-0.0416,0.2902,0.3266,0.0641,0.0196,0.0031,0.1774,0.2539,0.0651,0.0093,0.001,0.0799,NA,93.9592,88.7505,86.8053,82.4333,93.5724,84.2745,79.5122,80.4074,39.2333,85.0836,NA,-1.8806,0.8304,-5.852,-1.9816,-6.9345,2.4491,1.863,1.7678,1.0369,-0.3075,NA,9.2173,4.7162,1.9123,-0.8627,4.9615,0.9354,-5.0925,-5.2328,5.8884,3.8813,NA,1.5178,-4.3294,-1.0059,-0.0414,2.5857,-4.3521,-0.5072,1.8873,0.4206,-0.4282,NA,0.1601,-2.3276,-1.7648,-0.4605,0.5021,-0.5905,-0.2684,6.9898,14.0213,-0.1846,NA,0.2235,0.6484,0.4454,0.4032,0.7976,0.703,0.5222,18.7585,0.0799,0.0685,0.3228,0.0682,0.021,NA,0.1802,0.2594,84.6843,79.6136,93.9666,89.0965,85.3813,NA,93.7887,84.3025,-0.2257,1.8641,-1.6456,1.0032,-4.6115,NA,-6.6563,2.9856,2.5903,-7.0421,8.3118,3.6942,0.3164,NA,3.8398,-0.3326,-0.4329,0.7762,2.1308,-6.6992,-1.0212,NA,2.9559,-2.0066,-0.1866,0.39,0.2274,-3.3835,-1.674,NA,0.5652,-0.2665,0.2237,0.6473,0.4451,0.4129,0.7953,0.7036,0.5226,18.7585,395,90.2849,18.8685,50,0.1266,111.069,170,0.4304,4.284,162,694,"3B","SEA",11,0,NA,NA,NA,NA,NA,NA,NA,NA,NA,NA,NA,NA,NA,NA,NA,NA,NA,NA,NA,NA,NA,NA,NA,NA,NA,NA,NA,NA,NA,NA,NA,NA,NA,NA
"5",2023,"SEA","R",606192,"Teoscar Hernandez","Teoscar Hernández",13066,30,"30 - 30",2023,2023,160,625,678,161,104,29,2,26,70,93,38,2,211,8,7,0,6,7,2,0.2576,182,157,82,12,2675,865,1810,16,0,0,0.056,0.3112,0.1801,0.3053,0.4352,0.7405,0.1776,0.3418,1.1592,0.1948,0.4323,0.3729,0.0764,0.1656,0.0879,0,0.4056,0.3165,-1.0526,81.5578,5.2948,4.3635,21.0509,-8.9935,2.1056,-4.63,0.8866,19.4131,1.9358,1.8805,15.4866,-4.4082,3.6859,106.5176,-0.5845,-1.3098,-12.7171,11.4073,3.49,0.2665,1.0174,1,0.327,-1.6144,0.4078,93.9284,0.3124,84.491,0.0759,88.7734,0.0909,80.3786,0.0816,85.289,0.0314,85.8095,0.0026,14.1727,-10.364,-3.6227,-2.8164,6.4611,-1.0525,1.3002,-1.2412,-1.7846,-1.159,2.9638,-1.253,0.3846,0.7493,0.5365,0.4983,0.7914,0.6688,0.4164,0.6519,0.1776,0.1406,0.3181,161,153,107,66,187,168,421,0.3824,0.3634,0.2542,0.1568,0.4442,0.399,-4.1,1.8,104.3931,66.9419,134.5022,96.3124,105.6749,107.5912,115.423,97.7602,102.6433,98.2427,131.8047,92.8458,105.3049,104.5925,101.2615,85.3465,122.883,0.336,0.258,0.476,-3.8237,2,0,0,0,0,0,0.1054,NA,2,0,0.1054,0,0.1054,0.2361,0.0778,0.0262,0.0019,0.1676,0.3176,0.0733,0.0168,0.0011,0.0812,4e-04,94.2629,88.8736,86.51,81.58,93.6725,84.4186,79.5066,83.6311,42.9667,85.4143,79.2,-2.2947,1.0857,-7.1953,-2.7496,-6.432,2.6959,1.8052,3.1153,0.0154,-0.0193,-4.9153,9.3494,4.2351,2.2489,-0.1567,4.9848,1.0484,-5.1574,-5.2873,7.0698,3.7238,-2.6444,13.0016,-6.2026,0.6216,-0.2594,-0.2759,-12.3664,0.3665,-2.3275,0.2861,5.2867,0.0191,2.0605,-2.982,0.888,-5.187,-0.0616,-1.4566,0.187,-5.1722,9.5364,2.4363,1.9056,0.3449,0.7257,0.5365,0.4323,0.7777,0.6674,0.5032,19.1103,0.0793,0.0842,0.2394,0.0741,0.0292,4e-04,0.1661,0.3273,84.6931,80.2174,94.2814,88.7036,86.0381,79.5255,93.9036,84.6196,0.0936,1.9644,-2.0724,1.8097,-6.1221,-3.9623,-6.2572,3.2342,2.4563,-6.9999,8.3773,2.923,0.8609,-4.2068,3.7845,-0.1966,5.8192,-0.8352,12.3371,-5.4979,-0.3569,0.0191,1.3755,-14.8444,2.7449,-0.3712,1.9277,-2.7767,-0.4575,1.9056,0.3098,-1.6965,0.3479,0.7298,0.5372,0.435,0.7787,0.6664,0.4957,19.1103,421,91.3301,12.2671,58,0.1378,112.596,208,0.4941,4.1852,162,678,"OF","SEA",11,0,NA,NA,NA,NA,NA,NA,4.5488,NA,NA,NA,NA,NA,NA,NA,NA,NA,NA,NA,NA,NA,NA,NA,NA,NA,NA,NA,NA,NA,NA,NA,NA,NA,NA,NA
"6",2023,"SEA","R",676609,"Jose Caballero","José Caballero",23401,26,"26 - 26",2023,2023,104,231,280,51,37,9,1,4,37,26,28,0,66,17,4,0,0,26,3,0.2208,54,80,33,13,1144,399,745,3,2,0,0.1,0.2357,0.4242,0.3429,0.3203,0.6632,0.0996,0.2848,0.675,0.1976,0.3234,0.479,0.1625,0.05,0.0556,0,0.35,0.3045,-3.2262,30.8902,-0.6048,5.9411,8.6936,0.7888,0.8696,6.7298,2.36,18.653,1.86,2.2285,14.8803,2.9649,7.7564,98.1972,3.3019,-0.7437,-5.3125,4.5688,-2.1733,-0.2415,1.0676,10,-0.3514,-0.3452,0.5447,93.6522,0.2289,85.1954,0.0412,88.2553,0.0851,79.7732,0.0877,85.08,0.0123,85.1429,0.0035,0.7095,-0.9828,-0.8857,0.4634,-1.3026,0.4206,0.1143,-0.3765,-1.8846,0.4778,-1.3026,3.004,0.3118,0.5856,0.4254,0.6394,0.8953,0.7856,0.4149,0.6,0.0909,0.2212,0.3121,82,50,37,49,85,35,169,0.4852,0.2959,0.2189,0.2899,0.503,0.2071,0.3,1.6,89.4713,119.4385,101.8738,108.157,77.7862,60.3184,96.1988,99.1808,76.7748,126.1991,39.7949,117.8001,85.728,90.0977,187.2802,96.6403,63.7744,0.299,0.205,0.303,-0.3371,3,0,0,0,0,0,0.4438,NA,3,0,0.4438,0,0.4438,0.3474,0.0544,0.0105,NA,0.193,0.2219,0.0763,0.0061,NA,0.0904,NA,93.5452,88.7419,85.3917,NA,94.1077,84.8051,79.3943,81.9,NA,84.7427,NA,0.092,-0.3719,-3.3589,NA,-1.8449,1.44,-1.4253,1.3506,NA,2.9168,NA,9.3337,4.4421,3.0713,NA,5.2826,0.9653,-4.1296,-8.3171,NA,3.5552,NA,1.4323,-2.1035,-0.1845,NA,-0.656,-0.0666,0.2959,0.4244,NA,-0.9425,NA,0.3617,-3.3927,-1.5372,NA,-0.2982,-0.0263,0.3401,6.0635,NA,-0.9151,NA,0.2885,0.5567,0.4254,0.6087,0.8735,0.7856,0.5105,20.2012,0.0904,0.0737,0.35,0.0482,0.0105,NA,0.1921,0.2351,84.8231,79.6313,93.5189,89.2362,85.3724,NA,94.1368,84.7207,2.9222,-1.1952,0.0854,-0.1763,-3.2582,NA,-1.839,1.6315,2.0657,-6.3441,8.3586,3.7492,1.8048,NA,4.0535,-0.3815,-0.7232,0.7501,0.9874,-1.4758,-0.1845,NA,-0.426,-0.8088,-0.7021,0.8929,0.2475,-2.6833,-1.5372,NA,-0.1945,-0.3018,0.2921,0.5533,0.4254,0.6012,0.8789,0.7856,0.5105,20.2012,169,83.3144,21.4559,6,0.0355,108.418,39,0.2308,1.7284,162,280,"2B/SS","SEA",11,0,NA,NA,NA,NA,NA,NA,1.5498,NA,NA,NA,NA,NA,NA,NA,NA,NA,NA,NA,NA,NA,NA,NA,NA,NA,NA,NA,NA,NA,NA,NA,NA,NA,NA,NA
"7",2023,"SEA","L",672284,"Jarred Kelenic","Jarred Kelenic",22558,23,"23 - 23",2023,2023,105,372,416,94,56,25,2,11,44,49,41,4,132,1,2,0,6,13,5,0.2527,104,68,70,2,1669,634,1035,7,0,0,0.0986,0.3173,0.3106,0.3269,0.4194,0.7463,0.1667,0.3593,1.5294,0.2893,0.4298,0.281,0.0294,0.1618,0.0673,0,0.4423,0.3208,0.841,51.5282,4.7356,-0.2023,12.9162,-4.4067,1.2919,-4.6091,5.5667,15.1658,1.5123,1.3937,12.0983,0.8312,5.1261,109.5005,-0.2347,0.9602,-7.0059,7.9661,5.6457,0.5565,0.9493,6,0.5584,0.453,0.3618,93.4635,0.2512,84.7057,0.0661,89.2182,0.1208,79.5473,0.1629,86.4686,0.0373,86.6129,0.0126,6.8032,3.7196,-1.7145,-0.4008,-6.3162,1.0998,1.1301,0.8899,-1.5586,-0.1994,-2.3307,1.7739,0.3166,0.6847,0.4681,0.5194,0.8145,0.697,0.4117,0.5745,0.1414,0.1528,0.2942,100,89,53,26,137,79,242,0.4132,0.3678,0.219,0.1074,0.5661,0.3264,0.7,-0.1,102.4025,117.7158,137.1378,103.1305,101.8274,100.9677,121.345,145.182,102.0374,74.0247,128.7481,100.3236,106.5648,90.1279,69.397,108.7756,100.5256,0.333,0.264,0.435,1.0658,4,0,1,0,1,0,0.1479,-0.3129,4,1,0.3115,-0.3129,-0.0014,0.2596,0.0739,0.0421,NA,0.0968,0.2506,0.1004,0.0186,0.0012,0.1562,6e-04,93.5847,89.7659,86.9957,NA,93.482,84.6149,79.1479,80.2742,36.85,86.2796,79,-2.2871,0.6376,-7.4695,NA,-1.8162,1.0235,3.9146,5.2859,2.086,-8.6493,-5.0482,9.0573,4.7361,2.044,NA,4.7545,1.1041,-5.6918,-5.952,6.0281,3.5258,-3.1914,3.3437,-2.2243,1.5704,NA,1.6311,2.6223,-1.4605,1.3341,0.4735,-6.7768,0.0387,0.774,-1.8084,2.2435,NA,1.0131,0.6288,-0.8745,4.3034,23.6752,-2.6065,3.8701,0.2901,0.6501,0.4681,0.4262,0.8206,0.697,0.4946,18.9131,0.1569,0.1184,0.2542,0.0775,0.0439,6e-04,0.0986,0.25,85.8157,79.4891,94.0069,90.046,86.9971,79.3086,93.5464,84.6725,-8.3628,4.4156,-2.2775,0.8211,-6.8252,-4.4025,-1.4158,1.3018,2.1682,-7.2892,8.1706,3.6971,0.9453,-4.687,3.4863,-0.1384,-5.5371,-0.0464,2.9786,-2.4508,0.8602,0.0387,1.4505,3.2558,-2.1215,-0.0235,0.7042,-1.8999,1.1784,3.8701,0.8844,0.7826,0.2886,0.6471,0.4688,0.4268,0.8152,0.6962,0.5024,18.9131,242,90.8646,10.1432,23,0.095,112.025,110,0.4545,2.5679,162,416,"OF","SEA",11,0,NA,NA,NA,NA,NA,NA,1.2551,NA,NA,NA,NA,NA,NA,NA,NA,NA,NA,NA,NA,NA,NA,NA,NA,NA,NA,NA,NA,NA,NA,NA,NA,NA,0.1636,NA
"8",2023,"SEA","R",664034,"Ty France","Ty France",17982,28,"28 - 28",2023,2023,158,587,665,147,103,32,0,12,79,58,43,0,117,34,1,0,25,1,0,0.2504,197,164,110,19,2429,825,1604,4,0,0,0.0647,0.1759,0.3675,0.3368,0.3663,0.7031,0.1158,0.2941,1.2012,0.2335,0.4183,0.3482,0.1159,0.0732,0.0203,0,0.2586,0.3148,-1.9603,79.0661,4.2653,1.4286,20.6472,-11.6598,2.0652,-10.2312,-0.0836,12.3976,1.2363,0.6815,9.8901,-4.349,2.4922,105.353,-1.1869,-1.8208,-12.4027,10.5819,-8.318,-0.8688,1.0299,4,-0.8784,-0.8894,0.5155,93.9632,0.2487,84.4677,0.0639,88.7484,0.0734,80,0.0775,85.2181,0.021,85.5098,0.0016,-7.1571,-2.7636,-2.0332,3.6172,-2.6367,0.7257,-0.5726,-0.4583,-1.3117,2.0322,-1.4025,1.423,0.3794,0.7468,0.532,0.6375,0.9149,0.7992,0.4153,0.606,0.1066,0.1293,0.2359,202,173,96,80,263,128,471,0.4289,0.3673,0.2038,0.1699,0.5584,0.2718,-5.8,-2.8,101.4857,77.2309,76.0398,106.2595,88.9372,70.1786,99.3292,117.2201,99.3086,91.7288,58.2364,104.1235,106.4301,83.8782,109.7114,107.2904,83.6862,0.342,0.27,0.42,-3.162,4,0,0,0,0,0,0.1109,NA,4,0,0.1109,0,0.1109,0.3249,0.0705,0.0202,0.0021,0.1852,0.2412,0.0627,0.0136,NA,0.0792,4e-04,94.1518,88.8386,86.4551,83.48,93.5731,84.2897,79.525,82.5727,NA,85.3396,81.2,-1.5255,0.9306,-6.6782,-3.6759,-6.164,2.5719,1.1887,3.4424,NA,0.1497,-5.2195,9.3147,4.4528,2.2453,0.469,5.3033,0.871,-4.8767,-3.7769,NA,3.8967,-2.1723,-2.6642,0.5785,0.9359,-0.0898,-5.8696,-4.9093,2.2531,1.1246,NA,-2.1668,0.0863,-0.3381,0.3383,1.9099,-1.7969,-1.3073,-0.8392,1.4823,3.4079,NA,-1.1286,8.6346,0.3389,0.7205,0.532,0.564,0.9061,0.7984,0.506,19.8366,0.0775,0.066,0.3237,0.0689,0.0214,4e-04,0.1872,0.254,85.2568,79.9287,94.2406,89.0975,85.392,81.3573,93.7432,84.3467,0.3443,1.77,-1.3789,1.2043,-5.7219,-5.312,-5.9562,3.0736,2.5783,-6.7799,8.4158,3.3481,0.7315,-3.4366,4.0727,-0.3902,-2.9152,2.3705,-1.1793,0.038,0.963,0.0863,-5.9519,-4.0534,-1.5506,1.4816,-0.1502,0.0228,1.852,8.6346,-1.311,-0.658,0.3345,0.7236,0.532,0.5664,0.9034,0.7991,0.5076,19.8366,471,87.4833,13.6554,32,0.0679,112.716,181,0.3843,4.1049,162,665,"1B","SEA",11,0,8e-04,84.4124,0,0,-0.0146,-0.7313,3.8583,NA,NA,NA,NA,NA,NA,NA,NA,NA,NA,NA,NA,NA,NA,NA,NA,NA,NA,NA,NA,NA,NA,NA,NA,NA,NA,NA
"9",2023,"SEA","L",687799,"Cade Marlowe","Cade Marlowe",25505,26,"26 - 26",2023,2023,34,88,100,21,13,3,2,3,14,11,12,0,33,0,0,0,1,4,2,0.2386,16,28,11,1,431,156,275,1,0,0,0.12,0.33,0.3636,0.33,0.4205,0.7505,0.1818,0.3462,0.5714,0.2,0.2909,0.5091,0.0357,0.1071,0.0625,0,0.48,0.3271,0.7206,12.905,1.6568,4.0558,3.1048,-1.0185,0.3106,3.0373,2.5517,9.0044,0.8979,0.9318,7.1832,0.8949,7.0558,113.8271,-0.2368,0.6132,-1.8892,2.5025,1.549,0.1762,1.1222,5,0.0562,0.4902,0.3921,94.2544,0.232,83.79,0.0696,89.2333,0.1369,80.2373,0.1323,86.2982,0.0371,85.9375,NA,4.9962,-1.415,-1.2227,-1.13,-0.2061,-0.5199,2.9564,-1.415,-4.0757,-1.9153,-0.3615,-3.2494,0.325,0.7225,0.5012,0.6154,0.7681,0.713,0.4432,0.64,0.1439,0.1323,0.2761,24,22,9,5,32,18,55,0.4364,0.4,0.1636,0.0909,0.5818,0.3273,0.9,0.3,96.708,143.3261,142.6233,104.1011,102.0944,110.1466,116.9028,100.383,69.0715,134.1153,85.2747,105.9417,115.9042,67.3409,58.7205,111.7927,100.78,0.274,0.191,0.32,1.1317,0,0,0,0,0,0,NA,NA,0,0,0,0,0,0.3039,0.0719,0.0418,NA,0.0835,0.2274,0.1067,0.0348,NA,0.1276,0.0023,94.5847,89.0968,85.7111,NA,92.9278,83.749,79.4174,82.7533,NA,86.5655,76.9,-2.5933,-1.131,-4.6748,NA,-1.2602,1.716,4.0652,2.9669,NA,-8.1377,-4.7021,8.9688,4.888,1.7437,NA,4.4677,0.259,-6.5114,-6.0437,NA,3.2074,-0.7579,3.6742,-1.8205,-0.5572,NA,0.7213,-1.212,-0.3675,-0.6081,NA,0.8332,-0.2644,2.8047,-5.8725,-3.0955,NA,2.0037,-1.2367,-0.7989,-4.0543,NA,1.5149,-26.4444,0.2925,0.7032,0.5012,0.5,0.7987,0.713,0.5081,19.6788,0.123,0.1253,0.3109,0.051,0.0441,0.0023,0.0789,0.2645,86.3823,79.9074,94.1916,91.3446,85.7502,77.0906,93.8808,83.8209,-8.2212,4.7267,-2.6569,-0.431,-4.5295,-4.451,-0.3395,1.5016,1.953,-8.2812,8.0464,5.4524,0.7823,-1.9596,3.8046,-0.9684,0.1372,-0.6449,2.9883,-0.8645,-0.5988,-0.2644,1.7079,-2.0618,0.2589,-1.1942,2.2301,-3.9297,-3.1514,-26.4444,5.0233,-1.8086,0.2947,0.692,0.5012,0.5082,0.7935,0.713,0.5197,19.6788,55,86.594,20.7745,4,0.0727,104.095,17,0.3091,0.6173,162,100,"OF","SEA",11,0,NA,NA,NA,NA,NA,NA,1.8189,NA,NA,NA,NA,NA,NA,NA,NA,NA,NA,NA,NA,NA,NA,NA,NA,NA,NA,NA,NA,NA,NA,NA,NA,NA,NA,NA
"10",2023,"SEA","R",608596,"Tom Murphy","Tom Murphy",13499,32,"32 - 32",2023,2023,47,145,159,42,22,12,0,8,19,17,10,0,44,1,2,0,4,0,0,0.2897,46,38,19,1,595,200,395,1,0,0,0.0629,0.2767,0.2273,0.3354,0.5379,0.8734,0.2483,0.3579,1.2105,0.1845,0.4466,0.3689,0.0263,0.2105,0.0217,0,0.3899,0.3675,6.4818,25.855,7.9703,-7.1762,4.9367,2.472,0.4938,-4.7042,7.5578,8.2841,0.8261,0.7915,6.6085,-0.4125,1.0804,141.8356,-0.2543,-0.2796,-2.9188,2.6393,-1.488,-0.1234,0.9951,3,0.471,-0.752,0.4486,93.2632,0.2513,84.2685,0.0708,87.8333,0.0843,78.44,0.1197,84.2676,0.0253,85.5333,0.0034,4.8243,1.7348,-0.4374,0.088,-0.8436,0.0063,1.8136,1.1643,-1.0413,0.176,-1.1881,0.042,0.3282,0.7528,0.5194,0.4953,0.8159,0.7045,0.4503,0.6289,0.1529,0.1429,0.2958,49,31,23,11,50,42,104,0.4757,0.301,0.2233,0.1068,0.4854,0.4078,-0.7,-0.6,117.3835,75.1185,119.6003,105.8182,130.62,150.4071,120.8679,92.5863,106.0381,97.1917,167.5574,115.4988,87.2095,91.8945,68.9823,93.2736,125.5674,0.351,0.261,0.498,-0.1583,1,0,1,0,0,0,0.0364,-0.0416,1,1,0.0364,-0.0416,-0.0052,0.3288,0.0864,0.0288,NA,0.1203,0.2373,0.0678,0.0136,NA,0.1169,NA,93.0593,87.851,84.7529,NA,93.669,83.9364,78.3125,78.1375,NA,84.3058,NA,0.8394,1.0176,-7.617,NA,-0.1176,1.7517,-3.0062,-0.7552,NA,4.2602,NA,9.354,4.5225,2.2102,NA,5.9188,0.9434,-5.2041,-2.9769,NA,4.5465,NA,4.2103,-0.7152,0.0206,NA,0.4205,2.0865,0.4217,-0.2964,NA,-0.912,NA,2.1703,-1.4024,0.1212,NA,0.5922,1.4904,1.0542,-3.7047,NA,-1.3217,NA,0.2941,0.717,0.522,0.4625,0.7895,0.7045,0.539,18.2847,0.1153,0.0746,0.3288,0.0814,0.0305,NA,0.1186,0.2508,84.2224,78.5683,93.0158,88.0736,84.9972,NA,93.9871,83.8156,4.227,-2.6504,0.5108,0.7754,-7.3199,NA,0.4071,1.7767,3.211,-6.4343,8.4761,3.4964,1.0281,NA,4.7575,-0.313,-0.7018,0.442,3.7659,-0.8973,-0.1896,NA,0.0067,2.4349,-1.032,1.0045,1.9412,-1.8695,-1.0531,NA,0.0096,1.6452,0.2964,0.7258,0.522,0.4819,0.7867,0.7045,0.5254,18.2847,104,89.5396,13.6984,15,0.1442,111.448,46,0.4423,0.9815,162,159,"C","SEA",11,0,NA,NA,NA,NA,NA,NA,1.4664,NA,NA,NA,NA,NA,NA,NA,NA,NA,NA,NA,NA,NA,NA,NA,NA,NA,NA,NA,NA,NA,NA,NA,NA,-4.33,NA,NA
"11",2023,"SEA","L",645801,"Mike Ford","Mike Ford",15585,30,"30 - 30",2023,2023,84,219,251,50,28,6,0,16,32,34,24,0,81,7,1,0,4,0,0,0.2283,44,69,26,14,1034,408,626,2,0,0,0.0956,0.3227,0.2963,0.3227,0.4749,0.7976,0.2466,0.2764,0.6377,0.1871,0.3165,0.4964,0.2029,0.2319,0.0455,0,0.4821,0.3427,5.075,35.6579,7.4249,0.513,7.7932,-7.4023,0.7795,-6.8892,5.8573,7.5407,0.7519,0.6853,6.0155,-1.5676,1.242,124.6878,-0.4546,0.0738,-4.4443,4.518,2.173,0.2324,0.9817,15,0.3819,-0.3067,0.3275,93.7574,0.2587,84.176,0.0862,88.9551,0.1415,80.0274,0.1328,86.7299,0.0533,86.4182,0.0019,6.6694,-5.3403,-0.0777,3.258,1.3517,-1.3644,1.9732,-2.0001,-0.0873,2.2315,0.9866,-2.4808,0.2674,0.6512,0.4273,0.5031,0.8321,0.712,0.4167,0.5657,0.1228,0.1779,0.3008,63,49,27,36,56,47,139,0.4532,0.3525,0.1942,0.259,0.4029,0.3381,-2,0.3,92.5234,114.2041,139.4723,101.8012,115.3114,149.3769,93.3533,93.8834,75.1587,130.7727,184.5559,110.0384,102.1458,79.937,167.2901,77.4104,104.1233,0.314,0.202,0.416,-1.113,1,0,0,0,0,1,0.0364,NA,1,1,0.0364,-0.3129,-0.2765,0.25,0.0833,0.062,0.0039,0.0727,0.2519,0.125,0.0281,NA,0.1221,0.001,93.995,89.0895,86.6031,85.275,93.6893,84.5085,79.0326,83.0379,NA,86.3119,77.6,-4.2183,0.4495,-6.4651,-2.9246,-5.9973,3.0928,3.6543,2.7529,NA,-8.78,-5.7189,8.9023,4.2176,1.9812,0.1164,4.0517,0.6187,-5.7069,-5.9449,NA,3.6038,-3.238,6.0157,-0.7278,-1.2315,-0.2414,0.5149,-4.8531,2.3811,0.1981,NA,1.7229,-0.2386,2.3317,-0.8463,-1.9243,-6.0362,0.6865,-1.8666,1.8458,0.683,NA,1.3674,-23.858,0.2372,0.6257,0.4273,0.472,0.807,0.712,0.4893,18.5335,0.124,0.1424,0.2452,0.0775,0.064,0.001,0.0736,0.2723,86.3577,79.952,93.9632,89.4441,86.3714,77.7784,93.6458,84.3125,-8.6238,4.5087,-3.9647,0.9358,-5.6757,-5.4658,-5.8572,3.2137,2.4615,-7.5874,8.0823,3.4953,0.3816,-4.5047,3.0206,-0.5168,1.812,2.416,6.7789,-2.7954,-1.465,-0.2386,0.5796,-3.5689,1.4156,1.6435,2.6794,-3.4943,-2.2197,-23.858,0.7627,-1.2701,0.2471,0.6137,0.4283,0.4651,0.8115,0.7104,0.4942,18.5335,139,88.8425,20.9538,24,0.1727,111.143,62,0.446,1.5494,162,251,"1B/DH","SEA",11,0.0263,NA,NA,NA,NA,NA,NA,2.3308,-0.3129,NA,NA,NA,NA,NA,NA,NA,NA,NA,NA,NA,NA,NA,NA,NA,NA,NA,NA,NA,NA,NA,NA,NA,NA,NA,NA
"12",2023,"SEA","R",664238,"Dylan Moore","Dylan Moore",18042,30,"30 - 30",2023,2023,67,145,165,30,13,9,1,7,18,19,16,0,56,4,0,0,1,7,3,0.2069,26,51,12,5,682,235,447,2,0,0,0.097,0.3394,0.2857,0.303,0.4276,0.7306,0.2207,0.2805,0.5098,0.1348,0.2921,0.573,0.098,0.1373,0.0769,0,0.4788,0.317,-0.1902,19.9141,1.3545,-0.9688,5.123,-1.0614,0.5124,-2.0302,1.2295,4.8347,0.4821,0.6915,3.8569,-0.1251,6.016,106.8513,-0.1205,-0.3101,-3.4193,3.1092,-5.394,-0.5493,1.1542,20,0.0747,-0.3433,0.456,94.0193,0.2757,84.0213,0.0469,87.4062,0.0748,80.451,0.1364,84.6129,0.0103,86.8571,NA,4.182,-7.9243,1.6517,0.6582,1.0653,0.0365,1.3447,-4.215,5.1616,1.2907,1.1455,0.5213,0.3169,0.6465,0.4604,0.5246,0.776,0.6783,0.4355,0.6182,0.1481,0.195,0.3431,45,25,19,17,39,33,89,0.5056,0.2809,0.2135,0.191,0.4382,0.3708,-0.2,0.9,83.8454,115.8191,146.6833,95.5933,103.8261,133.6952,94.7261,67.6739,69.3625,150.9604,109.2408,122.7555,81.3934,87.8542,123.3791,84.1978,114.1796,0.317,0.203,0.432,-0.0046,0,0,0,0,0,0,NA,NA,0,0,0,0,0,0.305,0.0587,0.0147,NA,0.151,0.261,0.0674,0.0103,NA,0.132,NA,94.1779,87.2325,87.19,NA,93.5621,84.0348,79.5065,82.1,NA,84.3989,NA,0.3687,0.0659,-0.6247,NA,2.6526,0.8208,-2.7548,2.3649,NA,4.9162,NA,8.9195,3.0235,3.9626,NA,5.0243,0.8427,-5.1753,-5.5352,NA,3.7416,NA,3.7677,0.9016,0.1519,NA,0.277,-7.3091,-0.3782,1.0851,NA,0.9129,NA,1.8114,2.2539,1.5195,NA,0.2689,-4.1062,-0.8223,15.5017,NA,1.0144,NA,0.2633,0.6336,0.4604,0.4167,0.7739,0.6783,0.5323,19.123,0.132,0.0733,0.305,0.0455,0.0147,NA,0.151,0.2786,84.4202,80.3272,94.1733,86.7158,87.1604,NA,93.6308,84.0871,4.8087,-1.9367,0.2844,0.47,-0.4658,NA,2.6765,0.738,2.4723,-7.2064,8.0085,2.4914,2.5706,NA,3.8592,-0.374,0.9129,0.8581,4.2773,2.1698,0.1519,NA,-0.2327,-8.7286,1.0144,1.7162,2.0564,6.9995,1.5195,NA,-0.2259,-4.594,0.264,0.6361,0.4604,0.4353,0.7686,0.6783,0.5279,19.123,89,89.0346,21.3979,15,0.1685,109.045,39,0.4382,1.0185,162,165,"2B/OF","SEA",11,0,NA,NA,NA,NA,NA,NA,0.9313,NA,NA,NA,NA,NA,NA,NA,NA,NA,NA,NA,NA,NA,NA,NA,NA,NA,NA,NA,NA,NA,NA,NA,NA,NA,NA,NA
"13",2023,"SEA","B",664059,"Sam Haggerty","Sam Haggerty",18054,29,"29 - 29",2023,2023,52,91,108,23,18,3,1,1,13,5,15,0,17,1,0,1,0,10,1,0.2527,33,25,16,1,413,155,258,4,1,0,0.1389,0.1574,0.8824,0.3645,0.3407,0.7051,0.0879,0.3014,1.32,0.2162,0.4459,0.3378,0.04,0.04,0.1212,0,0.3056,0.3211,0.2417,13.4009,1.2528,-2.6368,3.3532,-2.1056,0.3354,-4.7424,2.4313,1.3775,0.1374,0.3332,1.0989,1.1785,7.5125,109.6812,1.3159,-0.3531,-1.9263,1.5732,1.351,0.1326,1.0319,20,-0.0621,-0.2802,0.4746,93.2041,0.1453,81.4333,0.046,88.8421,0.1041,77.9535,0.201,84.7349,0.0291,84.6667,NA,-1.6004,0.8304,1.3105,-0.2358,0.7975,-0.4239,-0.8165,1.3839,6.8973,-0.5483,0.9608,-3.5324,0.2927,0.7545,0.4794,0.6389,0.881,0.7929,0.4044,0.6574,0.0993,0.1429,0.2421,35,23,17,17,40,18,75,0.4667,0.3067,0.2267,0.2267,0.5333,0.24,1.1,0.6,102.4265,165.8867,68.0302,114.98,82.7186,53.2577,101.7784,108.5222,105.8824,89.0002,31.8359,113.2988,88.8599,93.2796,146.4098,102.4766,73.9054,0.324,0.266,0.329,-0.1375,0,0,0,0,0,0,NA,NA,0,0,0,0,0,0.3462,0.0484,0.0291,NA,0.1259,0.1453,0.092,0.0121,NA,0.201,NA,93.3902,88.8,84.7917,NA,92.4865,81.2383,78.2026,78.28,NA,84.6398,NA,1.2768,-0.6424,-5.3419,NA,1.4013,-1.0139,-1.7289,-0.8134,NA,3.9952,NA,9.5174,4.0829,2.6757,NA,4.7159,1.1568,-6.2886,-4.8493,NA,3.6938,NA,-2.2449,1.176,-0.4239,NA,0.829,1.4109,-0.9694,0.1282,NA,0.7314,NA,-1.5699,5.88,-3.5324,NA,1.5943,2.3515,-2.5511,2.5643,NA,0.8812,NA,0.235,0.7089,0.4794,0.5319,0.8742,0.7929,0.5157,19.4092,0.2034,0.0969,0.3511,0.046,0.0266,NA,0.1235,0.1525,84.7489,77.9092,93.5012,88.4798,84.7697,NA,92.6885,81.5832,3.692,-2.392,1.0464,-0.2423,-4.454,NA,1.6489,-1.0047,2.3632,-8.0961,8.4226,2.9898,1.1763,NA,3.3807,-0.1208,0.7583,-0.588,-2.4724,1.4943,-0.4508,NA,1.0002,0.8957,0.9028,-1.47,-1.7051,7.8647,-4.0984,NA,1.9612,1.4218,0.2438,0.7028,0.4794,0.5306,0.8792,0.7929,0.5133,19.4092,75,85.9346,12.0654,1,0.0133,108.169,20,0.2667,0.6667,162,108,"OF","SEA",11,0,NA,NA,NA,NA,NA,NA,1.2612,NA,NA,NA,NA,NA,NA,NA,NA,NA,NA,NA,NA,NA,NA,NA,NA,NA,NA,NA,NA,NA,NA,NA,NA,NA,NA,NA
"14",2023,"SEA","L",600303,"Tommy La Stella","Tommy La Stella",12371,34,"34 - 34",2023,2023,12,21,24,4,3,1,0,0,2,2,3,0,5,0,0,0,0,0,0,0.1905,6,9,1,0,104,41,63,1,0,0,0.125,0.2083,0.6,0.2917,0.2381,0.5298,0.0476,0.25,0.6667,0.0625,0.375,0.5625,0,0,0.1667,0,0.3333,0.2491,-1.3802,1.544,-1.1555,NA,0.7452,-0.6481,0.0745,-0.6481,-1.4047,-1.2331,-0.123,-0.1534,-0.9837,-0.2491,1.3036,59.8171,-0.0462,-0.0937,-0.5231,0.4293,-1.477,-0.1537,1.3849,6,-0.0804,0.0127,0.4904,93.549,0.1346,84.4286,0.1346,89.1429,0.125,78.4615,0.0962,83.9,0.0192,84.5,NA,-0.131,-0.6372,0.1731,0.087,-0.4791,-0.2386,-0.2569,-4.5512,1.2364,0.6695,-4.7912,-11.929,0.2951,0.5116,0.3846,0.7222,0.8636,0.8,0.4135,0.375,0.0769,0.2212,0.2981,7,4,5,3,11,2,16,0.4375,0.25,0.3125,0.1875,0.6875,0.125,-0.6,0.1,77.191,149.2981,90.04,92.0086,57.8141,28.8479,84.4298,31.3697,89.0375,148.1854,0,106.2176,72.4401,128.6023,121.1111,132.0988,38.4924,0.244,0.184,0.232,-0.2029,0,0,0,0,0,0,NA,NA,0,0,0,0,0,0.3654,0.1538,0.0288,NA,0.1058,0.125,0.125,0.0096,NA,0.0865,NA,93.6,89.4187,85.0333,NA,92.3727,85.3154,78.6,81.5,NA,83.5778,NA,-4.7044,1.7996,-8.4743,NA,-9.5914,2.2629,4.4779,6.3423,NA,-8.1599,NA,9.9931,4.8596,6.8453,NA,5.452,1.4893,-6.7106,-6.0783,NA,3.2385,NA,0.5226,-0.4059,-0.2116,NA,-0.4315,-0.3653,0.3099,-0.1459,NA,-0.5451,NA,1.3751,-2.5371,-7.0545,NA,-3.9225,-2.8097,2.3835,-14.5935,NA,-6.0572,NA,0.25,0.5192,0.3846,0.6923,0.8519,0.8,0.5,18.1013,0.0962,0.125,0.3654,0.1538,0.0192,NA,0.1154,0.125,84.1034,78.9691,94.1231,90.0282,85.0706,NA,92.4315,84.9223,-8.1596,4.8162,-4.3293,2.05,-7.0061,NA,-8.8621,3.4246,2.3698,-8.742,8.9261,3.8185,3.9356,NA,4.191,-0.51,-0.5182,0.1059,0.8698,-0.4059,-0.2386,NA,-0.5024,-0.5836,-5.182,0.8148,2.289,-2.5371,-11.929,NA,-4.187,-4.4889,0.2407,0.54,0.3846,0.6923,0.8519,0.8,0.4808,18.1013,16,86.6176,19.151,0,0,101.225,2,0.125,0.1481,162,24,"2B/3B","SEA",11,0,NA,NA,NA,NA,NA,NA,2.5876,NA,NA,NA,NA,NA,NA,NA,NA,NA,NA,NA,NA,NA,NA,NA,NA,NA,NA,NA,NA,NA,NA,NA,NA,NA,NA,NA
"15",2023,"SEA","L",666211,"Taylor Trammell","Taylor Trammell",19960,25,"25 - 25",2023,2023,22,46,56,6,3,0,0,3,7,11,9,0,22,1,0,0,2,0,1,0.1304,8,14,2,2,241,100,141,1,0,0,0.1607,0.3929,0.4091,0.2857,0.3261,0.6118,0.1957,0.1429,0.5714,0.0833,0.3333,0.5833,0.1429,0.2143,0.125,0,0.6071,0.2794,-1.8105,5.0128,-1.2862,-0.7906,1.7387,-1.2277,0.1739,-2.0183,-1.5158,-1.6215,-0.1617,-0.0495,-1.2935,-0.2296,2.4893,80.8316,-0.5222,0.2748,-0.9575,1.2323,2.354,0.2581,0.9708,3,-0.0839,0.367,0.3891,94.0108,0.272,82.4308,0.0586,90.9286,0.1046,80.72,0.1339,86.6875,0.0418,86.6,0.0083,-1.156,-2.3993,0.4439,-1.3541,-0.1171,1.2931,-1.243,-3.6912,3.171,-5.4162,-0.366,12.9312,0.209,0.6762,0.4142,0.3571,0.7042,0.6061,0.4393,0.6071,0.1618,0.1618,0.3237,13,6,5,5,11,8,24,0.5417,0.25,0.2083,0.2083,0.4583,0.3333,0.5,-0.1,52.859,191.9547,169.7897,90.1308,79.1802,118.5273,48.2456,41.8263,79.1444,153.6738,170.5495,131.5075,72.4401,85.7349,134.5678,88.0659,102.6463,0.313,0.164,0.394,0.2926,2,0,0,0,0,0,0.3778,NA,2,0,0.3778,0,0.3778,0.2427,0.0586,0.0377,NA,0.1464,0.2678,0.0795,0.0293,NA,0.1381,NA,94.3276,90.9571,86.9556,NA,93.4571,82.6297,79.7684,80.6714,NA,86.6485,NA,-4.7866,-0.7102,-7.6227,NA,-5.4496,3.2196,1.818,7.2878,NA,-9.9241,NA,9.4195,4.8255,1.4305,NA,4.0921,-0.0787,-4.0559,-5.0476,NA,4.1142,NA,-0.5364,0.4439,1.2662,NA,-0.6007,-2.1412,-1.4382,-0.1362,NA,-0.0902,NA,-0.9248,3.171,14.0686,NA,-1.7163,-3.3456,-7.5694,-1.9462,NA,-0.2732,NA,0.2,0.6491,0.4142,0.32,0.7027,0.6061,0.477,18.2054,0.1339,0.0921,0.2427,0.0669,0.0418,NA,0.1464,0.2762,86.8215,80.2379,94.541,90.4879,86.8786,NA,93.4915,82.534,-9.546,5.2077,-4.3873,0.4508,-7.4203,NA,-5.1299,3.1427,2.8049,-6.7833,8.4688,3.6978,0.26,NA,2.9953,-1.4658,-0.1171,-1.454,-0.5364,0.4161,1.2931,NA,-0.6007,-2.3218,-0.366,-6.609,-0.9248,2.6006,12.9312,NA,-1.7163,-3.5179,0.1818,0.6525,0.4142,0.2727,0.7013,0.6061,0.4937,18.2054,24,91.4834,26.1751,4,0.1667,109.108,11,0.4583,0.3457,162,56,"OF","SEA",11,0,NA,NA,NA,NA,NA,NA,1.7844,NA,NA,NA,NA,NA,NA,NA,NA,NA,NA,NA,NA,NA,NA,NA,NA,NA,NA,NA,NA,NA,NA,NA,NA,NA,NA,NA
"16",2023,"SEA","R",657247,"Brian O'Keefe","Brian O'Keefe",16680,29,"29 - 29",2023,2023,8,19,21,2,0,2,0,0,0,2,2,0,7,0,0,0,2,0,0,0.1053,4,7,1,3,77,29,48,1,0,0,0.0952,0.3333,0.2857,0.1905,0.2105,0.401,0.1053,0.1667,0.5714,0.0833,0.3333,0.5833,0.4286,0,0.25,0,0.4286,0.1847,-2.3308,0.2279,-2.1342,-0.8107,0.652,0.4115,0.0652,-0.3992,-2.3277,-2.0096,-0.2004,-0.1862,-1.6031,-0.1934,0.1429,15.1812,-0.0154,-0.3554,-0.5283,0.1729,-2.539,-0.2499,0.967,1,-0.2593,-0.1082,0.6053,94.2609,0.1974,84.8,0.0526,89.5,0.0395,80.6667,0.1053,86.625,NA,NA,0.013,-2.4475,-0.384,-0.3089,0.0162,-0.3954,NA,-5.3207,-2.5603,-7.7221,0.5395,-4.942,NA,0.2927,0.7714,0.5132,0.25,0.6296,0.5128,0.4605,0.7143,0.2468,0.1169,0.3636,5,5,2,3,5,4,12,0.4167,0.4167,0.1667,0.25,0.4167,0.3333,0,-0.3,42.6582,113.7509,144.064,60.0872,51.1198,63.7691,56.2865,41.8263,79.1444,153.6738,0,101.1596,120.7336,68.5879,161.4814,80.0599,102.6463,0.198,0.133,0.216,-0.178,1,0,0,0,0,0,0.0364,NA,1,0,0.0364,0,0.0364,0.4079,0.0526,NA,NA,0.1974,0.1974,0.0263,0.0132,NA,0.1053,NA,94.7742,89.5,NA,NA,92.9533,84.68,79.65,82.7,NA,86.55,NA,-0.5013,1.7176,NA,NA,-5.7841,0.5208,2.0962,1.8549,NA,-1.97,NA,8.5418,3.8492,NA,NA,4.0159,1.571,-7.1122,-8.2438,NA,3.0136,NA,-0.7318,-0.3089,NA,NA,-1.6779,-0.3652,-0.0225,0.0387,NA,-0.4344,NA,-2.3608,-7.7221,NA,NA,-11.1859,-2.4344,-1.1258,3.8701,NA,-5.4304,NA,0.2571,0.7317,0.5132,0.2222,0.6,0.5128,0.5395,18.4909,0.1053,0.0395,0.4079,0.0395,NA,NA,0.1974,0.2105,86.6415,80.5862,94.7904,89.1912,NA,NA,92.9223,85.126,-2.1282,2.1238,-0.4113,1.8257,NA,NA,-5.7376,0.9722,2.0004,-9.5613,7.6447,2.6004,NA,NA,2.8091,0.5154,-0.4344,0.0162,-0.7318,-0.3476,NA,NA,-1.6779,-0.3481,-5.4304,0.5395,-2.3608,-11.5862,NA,NA,-11.1859,-2.1755,0.2703,0.7436,0.5132,0.3,0.5862,0.5128,0.5132,18.4909,12,93.6428,31.5569,0,0,103.599,6,0.5,0.1296,162,21,"C","SEA",11,0,NA,NA,NA,NA,NA,NA,0,NA,NA,NA,NA,NA,NA,NA,NA,NA,NA,NA,NA,NA,NA,NA,NA,NA,NA,NA,NA,NA,NA,NA,NA,-0.54,NA,NA
"17",2023,"SEA","B",669450,"Cooper Hummel","Cooper Hummel",19458,28,"28 - 28",2023,2023,10,23,26,2,1,1,0,0,2,0,2,0,9,1,0,0,1,1,0,0.087,9,3,2,0,116,46,70,0,0,0,0.0769,0.3462,0.2222,0.1923,0.1304,0.3227,0.0435,0.1429,3,0.1429,0.6429,0.2143,0,0,0,0,0.4231,0.1632,-3.35,-0.182,-3.1065,0.0077,0.8073,-0.8796,0.0807,-0.8719,-2.7731,-2.7571,-0.2749,-0.342,-2.1994,0.3334,6.897,0.2825,0.1692,-0.1532,-0.6334,0.4802,-2.769,-0.2898,1.1757,2,-0.3011,0.1708,0.3448,92.95,0.1207,85.9286,0.1724,90.5,0.1983,77.9565,0.1638,82.9474,NA,NA,NA,-0.3771,-1.1242,-0.6683,-0.388,-1.1091,NA,-0.9428,-8.0302,-3.3415,-1.687,-5.8373,NA,0.2698,0.6792,0.4569,0.5882,0.7778,0.717,0.4569,0.6538,0.1293,0.1466,0.2759,11,2,1,0,7,7,14,0.7857,0.1429,0.0714,0,0.5,0.5,-0.2,-0.3,35.2394,91.8757,149.6049,60.665,31.6721,26.3394,48.2456,71.7022,152.6356,56.4516,0,190.7582,41.3944,29.3948,0,96.0719,153.9695,0.266,0.201,0.285,0.1642,0,0,0,0,0,0,NA,NA,0,0,0,0,0,0.2414,0.1724,NA,NA,0.1121,0.1034,0.1379,0.069,NA,0.1638,NA,93.6321,90.18,NA,NA,91.3231,85.6667,78.3,77.7875,NA,82.8684,NA,0.5965,2.3421,NA,NA,-2.6348,-0.477,6.2779,2.0559,NA,-1.1216,NA,9.4788,4.132,NA,NA,6.4065,0.879,-6.5077,-0.6319,NA,3.8837,NA,0.068,-0.7463,NA,NA,-0.4478,-0.8561,-0.3991,-0.2154,NA,-1.1091,NA,0.2427,-3.7313,NA,NA,-3.4446,-7.1344,-2.4946,-2.6925,NA,-5.8373,NA,0.2241,0.6897,0.4569,0.4615,0.8,0.717,0.5,18.4382,0.1638,0.2155,0.2414,0.1638,NA,NA,0.1121,0.1034,83.442,78.3597,94.2377,90.7031,NA,NA,91.7789,87.4485,-1.4873,3.2748,0.5754,2.2393,NA,NA,-2.8474,2.3243,2.2909,-6.0546,8.3669,2.9424,NA,NA,5.0482,-0.3157,-1.1091,-0.3281,0.068,-0.7047,NA,NA,-0.4478,-1.1842,-5.8373,-1.3122,0.2427,-3.7089,NA,NA,-3.4446,-9.8682,0.2321,0.6667,0.4569,0.5385,0.775,0.717,0.5172,18.4382,14,92.2807,7.1559,0,0,106.308,7,0.5,0.1605,162,26,"C/DH/OF","SEA",11,0,NA,NA,NA,NA,NA,NA,2.2552,NA,NA,NA,NA,NA,NA,NA,NA,NA,NA,NA,NA,NA,NA,NA,NA,NA,NA,NA,NA,NA,NA,NA,NA,NA,NA,NA
